temperature,protocol,seed,eer_pct,rank1_pct,val_eer_pct,val_rank1_pct
0.03,e50v50,5,0.906,80.2691,1.4519,100.0
0.03,e50v50,7,0.913,74.4395,1.5275,100.0
0.03,e50v50,17,1.3716,73.0942,1.4368,94.8276
0.03,e50v50,31,1.2544,71.7489,1.467,98.2759
0.03,e50v50,42,0.8746,81.1659,1.4519,100.0
0.03,e50v50,88,0.8383,86.0987,1.4519,100.0
0.03,e50v50,99,0.8969,82.5112,1.5729,100.0
0.03,e50v50,123,0.9595,77.13,1.588,100.0
0.03,e50v50,256,0.808,86.9955,1.588,100.0
0.03,e50v50,2024,0.9837,77.13,1.4822,98.2759
0.05,e50v50,5,0.8837,82.0628,1.4973,100.0
0.05,e50v50,7,0.81,88.3408,1.4822,100.0
0.05,e50v50,17,0.9979,76.6816,1.4822,100.0
0.05,e50v50,31,0.7868,87.8924,1.4217,100.0
0.05,e50v50,42,1.418,70.852,1.3309,94.8276
0.05,e50v50,88,0.8575,84.7534,0.2874,100.0
0.05,e50v50,99,0.7868,85.6502,1.4822,100.0
0.05,e50v50,123,0.8181,85.6502,1.4519,100.0
0.05,e50v50,256,0.813,75.7848,1.467,100.0
0.05,e50v50,2024,0.7969,87.8924,0.4083,100.0
0.07,e50v50,5,0.812,87.8924,1.3007,100.0
0.07,e50v50,7,0.8009,84.3049,0.3025,98.2759
0.07,e50v50,17,0.8555,85.6502,1.3309,100.0
0.07,e50v50,31,1.2352,66.8161,1.346,100.0
0.07,e50v50,42,0.8585,85.2018,1.3612,100.0
0.07,e50v50,88,0.8282,86.0987,0.3479,96.5517
0.07,e50v50,99,0.7989,86.9955,1.3612,100.0
0.07,e50v50,123,0.808,86.0987,0.3327,100.0
0.07,e50v50,256,0.8969,77.13,1.3158,98.2759
0.07,e50v50,2024,0.8312,82.0628,0.363,98.2759
0.09,e50v50,5,0.7989,86.0987,0.3479,100.0
0.09,e50v50,7,0.8696,87.4439,0.3781,100.0
0.09,e50v50,17,0.5323,85.2018,0.3176,100.0
0.09,e50v50,31,0.8777,85.2018,0.3479,100.0
0.09,e50v50,42,0.7898,89.6861,0.3781,100.0
0.09,e50v50,88,0.8969,80.7175,0.2722,100.0
0.09,e50v50,99,0.7979,86.9955,0.3176,100.0
0.09,e50v50,123,0.809,85.2018,0.3025,100.0
0.09,e50v50,256,0.8999,84.7534,0.4083,100.0
0.09,e50v50,2024,0.8605,86.9955,0.4235,100.0
0.1,e50v50,5,0.8029,83.8565,0.3025,100.0
0.1,e50v50,7,0.5555,86.0987,0.3327,100.0
0.1,e50v50,17,0.8494,82.9596,0.3327,100.0
0.1,e50v50,31,0.8666,85.2018,0.3025,100.0
0.1,e50v50,42,0.81,83.8565,0.3176,96.5517
0.1,e50v50,88,0.8322,85.2018,0.2269,96.5517
0.1,e50v50,99,0.7898,87.8924,0.242,100.0
0.1,e50v50,123,0.7959,83.4081,0.2874,100.0
0.1,e50v50,256,0.8969,84.3049,0.3479,100.0
0.1,e50v50,2024,0.8171,84.7534,0.242,100.0
0.12,e50v50,5,0.806,82.5112,0.2571,98.2759
0.12,e50v50,7,0.813,86.5471,0.3025,100.0
0.12,e50v50,17,0.811,82.9596,0.2722,100.0
0.12,e50v50,31,0.8928,83.8565,0.2722,100.0
0.12,e50v50,42,0.8221,80.7175,0.242,98.2759
0.12,e50v50,88,0.8938,80.7175,0.242,98.2759
0.12,e50v50,99,0.8969,83.8565,0.2722,100.0
0.12,e50v50,123,0.8009,83.8565,0.2571,100.0
0.12,e50v50,256,0.8767,85.2018,0.242,98.2759
0.12,e50v50,2024,0.5121,86.9955,0.2874,100.0
0.15,e50v50,5,0.5434,84.7534,0.2571,98.2759
0.15,e50v50,7,0.8656,82.5112,0.2874,96.5517
0.15,e50v50,17,0.812,84.3049,0.242,98.2759
0.15,e50v50,31,0.8868,82.5112,0.2571,98.2759
0.15,e50v50,42,0.807,87.4439,0.3025,98.2759
0.15,e50v50,88,0.5373,82.0628,0.242,98.2759
0.15,e50v50,99,0.8615,81.6143,0.2874,98.2759
0.15,e50v50,123,0.8443,83.8565,0.242,98.2759
0.15,e50v50,256,0.8928,73.5426,0.3025,98.2759
0.15,e50v50,2024,0.9191,70.852,0.242,96.5517
0.03,e70v30,5,0.8373,83.8565,0.2874,100.0
0.03,e70v30,7,1.311,74.4395,0.363,94.8276
0.03,e70v30,17,0.9847,70.852,0.3781,98.2759
0.03,e70v30,31,1.3271,67.713,0.363,100.0
0.03,e70v30,42,0.8969,81.6143,0.1966,100.0
0.03,e70v30,88,0.8292,84.7534,0.2722,100.0
0.03,e70v30,99,0.8433,86.0987,1.3158,100.0
0.03,e70v30,123,1.2928,74.8879,0.4083,94.8276
0.03,e70v30,256,0.9999,71.7489,1.3007,96.5517
0.03,e70v30,2024,1.3453,74.4395,0.3176,96.5517
0.05,e70v30,5,0.8514,86.9955,0.2722,100.0
0.05,e70v30,7,0.8969,82.0628,0.242,100.0
0.05,e70v30,17,0.8686,80.2691,0.2874,100.0
0.05,e70v30,31,0.8797,83.4081,0.1966,100.0
0.05,e70v30,42,0.8706,83.4081,0.242,100.0
0.05,e70v30,88,1.2362,79.8206,0.1664,100.0
0.05,e70v30,99,0.8474,85.6502,0.3176,100.0
0.05,e70v30,123,0.8868,81.6143,0.2722,100.0
0.05,e70v30,256,0.8605,84.7534,0.3025,100.0
0.05,e70v30,2024,0.8373,86.0987,0.1966,100.0
0.07,e70v30,5,0.8969,81.1659,0.1966,100.0
0.07,e70v30,7,0.8969,81.1659,0.1815,100.0
0.07,e70v30,17,0.8969,79.8206,0.1815,100.0
0.07,e70v30,31,0.9191,81.1659,0.1815,98.2759
0.07,e70v30,42,0.8827,82.0628,0.2571,98.2759
0.07,e70v30,88,0.8474,85.2018,0.1664,100.0
0.07,e70v30,99,0.8969,85.2018,0.1966,100.0
0.07,e70v30,123,0.9211,79.8206,0.1815,100.0
0.07,e70v30,256,0.8969,80.7175,0.1966,100.0
0.07,e70v30,2024,0.8969,78.9238,0.1664,100.0
0.09,e70v30,5,0.8373,83.8565,0.1815,100.0
0.09,e70v30,7,1.2504,78.9238,0.1815,100.0
0.09,e70v30,17,0.8969,78.9238,0.121,96.5517
0.09,e70v30,31,0.8474,81.1659,0.1361,98.2759
0.09,e70v30,42,0.8898,80.7175,0.1664,98.2759
0.09,e70v30,88,0.8605,84.7534,0.121,100.0
0.09,e70v30,99,0.8696,82.5112,0.1966,100.0
0.09,e70v30,123,0.8757,85.2018,0.1512,98.2759
0.09,e70v30,256,0.8969,83.4081,0.1664,100.0
0.09,e70v30,2024,0.9706,82.0628,0.1664,98.2759
0.1,e70v30,5,0.8969,82.5112,0.1361,100.0
0.1,e70v30,7,0.8524,85.2018,0.1815,98.2759
0.1,e70v30,17,0.8716,81.6143,0.121,98.2759
0.1,e70v30,31,0.8969,79.8206,0.1664,98.2759
0.1,e70v30,42,0.8959,82.9596,0.1815,96.5517
0.1,e70v30,88,0.9171,82.0628,0.1512,100.0
0.1,e70v30,99,0.8969,80.7175,0.1361,98.2759
0.1,e70v30,123,0.8342,82.5112,0.1361,100.0
0.1,e70v30,256,0.8969,82.5112,0.1512,100.0
0.1,e70v30,2024,0.9332,83.4081,0.121,100.0
0.12,e70v30,5,0.8969,78.0269,0.1512,100.0
0.12,e70v30,7,0.8969,81.1659,0.1512,100.0
0.12,e70v30,17,0.8969,81.1659,0.1512,98.2759
0.12,e70v30,31,0.908,78.4753,0.1361,100.0
0.12,e70v30,42,0.8969,83.4081,0.1361,98.2759
0.12,e70v30,88,0.8969,83.4081,0.121,100.0
0.12,e70v30,99,0.8989,81.6143,0.1361,100.0
0.12,e70v30,123,0.9231,78.9238,0.1361,100.0
0.12,e70v30,256,0.9019,82.5112,0.1361,98.2759
0.12,e70v30,2024,0.8373,80.7175,0.1512,98.2759
0.15,e70v30,5,0.909,72.1973,0.121,100.0
0.15,e70v30,7,0.8231,83.8565,0.1512,98.2759
0.15,e70v30,17,0.8969,78.4753,0.121,100.0
0.15,e70v30,31,0.8969,81.1659,0.1361,98.2759
0.15,e70v30,42,0.8969,77.13,0.1361,98.2759
0.15,e70v30,88,0.9211,75.3363,0.1361,98.2759
0.15,e70v30,99,0.8969,79.3722,0.1361,98.2759
0.15,e70v30,123,0.9615,78.4753,0.1361,100.0
0.15,e70v30,256,0.8969,70.852,0.1664,100.0
0.15,e70v30,2024,0.8666,80.2691,0.1361,98.2759
0.03,e80v20,5,0.8969,83.8565,0.1966,100.0
0.03,e80v20,7,0.8928,77.13,0.3327,96.5517
0.03,e80v20,17,0.913,79.3722,0.2874,100.0
0.03,e80v20,31,0.9029,85.6502,0.2874,100.0
0.03,e80v20,42,0.9029,82.5112,0.1664,100.0
0.03,e80v20,88,0.8817,82.0628,0.2117,100.0
0.03,e80v20,99,0.8888,82.5112,0.363,100.0
0.03,e80v20,123,0.9544,78.4753,0.3479,100.0
0.03,e80v20,256,0.9423,79.3722,0.363,100.0
0.03,e80v20,2024,0.8817,84.7534,0.2874,100.0
0.05,e80v20,5,0.8201,86.5471,0.2117,100.0
0.05,e80v20,7,0.912,81.6143,0.1966,100.0
0.05,e80v20,17,0.9726,78.4753,0.2117,98.2759
0.05,e80v20,31,0.9292,82.5112,0.1361,98.2759
0.05,e80v20,42,0.8969,82.0628,0.2117,100.0
0.05,e80v20,88,1.2726,77.5785,0.1361,100.0
0.05,e80v20,99,0.9777,78.9238,0.2722,100.0
0.05,e80v20,123,0.8969,82.9596,0.2117,100.0
0.05,e80v20,256,0.8969,83.4081,0.2117,100.0
0.05,e80v20,2024,0.8969,82.5112,0.1664,100.0
0.07,e80v20,5,0.8969,80.7175,0.1815,100.0
0.07,e80v20,7,0.8969,79.3722,0.1815,98.2759
0.07,e80v20,17,0.8969,85.6502,0.1512,100.0
0.07,e80v20,31,0.9453,82.5112,0.1361,100.0
0.07,e80v20,42,0.9211,81.6143,0.2722,96.5517
0.07,e80v20,88,0.8716,85.6502,0.121,100.0
0.07,e80v20,99,0.8969,81.1659,0.1512,100.0
0.07,e80v20,123,0.8969,82.5112,0.1361,100.0
0.07,e80v20,256,0.8969,83.8565,0.1815,100.0
0.07,e80v20,2024,0.8847,83.4081,0.1361,100.0
0.09,e80v20,5,0.914,82.9596,0.1512,100.0
0.09,e80v20,7,0.9686,84.7534,0.121,100.0
0.09,e80v20,17,0.8969,82.0628,0.1059,98.2759
0.09,e80v20,31,0.8969,81.1659,0.1361,98.2759
0.09,e80v20,42,0.8858,82.5112,0.121,98.2759
0.09,e80v20,88,0.9342,77.13,0.121,98.2759
0.09,e80v20,99,1.3291,72.1973,0.3025,93.1034
0.09,e80v20,123,0.8969,82.9596,0.1361,96.5517
0.09,e80v20,256,0.9373,78.9238,0.1512,98.2759
0.09,e80v20,2024,0.8918,85.6502,0.121,100.0
0.1,e80v20,5,0.9514,81.1659,0.1361,100.0
0.1,e80v20,7,0.9191,81.6143,0.1664,98.2759
0.1,e80v20,17,0.9615,81.6143,0.121,100.0
0.1,e80v20,31,0.9635,78.0269,0.1512,98.2759
0.1,e80v20,42,0.9766,79.3722,0.1815,100.0
0.1,e80v20,88,0.8746,83.8565,0.1361,100.0
0.1,e80v20,99,0.8888,79.8206,0.1361,100.0
0.1,e80v20,123,0.8969,82.5112,0.121,98.2759
0.1,e80v20,256,0.8969,81.6143,0.1512,100.0
0.1,e80v20,2024,1.2392,74.4395,0.0907,98.2759
0.12,e80v20,5,0.8817,80.2691,0.1361,98.2759
0.12,e80v20,7,1.2352,82.5112,0.1512,98.2759
0.12,e80v20,17,0.9251,83.4081,0.1815,98.2759
0.12,e80v20,31,1.3029,72.1973,0.121,98.2759
0.12,e80v20,42,1.0019,79.8206,0.121,96.5517
0.12,e80v20,88,0.8464,82.0628,0.1059,98.2759
0.12,e80v20,99,0.9585,82.9596,0.2571,98.2759
0.12,e80v20,123,0.8969,78.4753,0.1966,98.2759
0.12,e80v20,256,0.9413,80.7175,0.1815,96.5517
0.12,e80v20,2024,0.8989,82.9596,0.1361,100.0
0.15,e80v20,5,0.8837,81.6143,0.121,100.0
0.15,e80v20,7,0.908,81.1659,0.1361,100.0
0.15,e80v20,17,0.8969,84.7534,0.121,100.0
0.15,e80v20,31,0.9231,81.6143,0.1361,98.2759
0.15,e80v20,42,0.9867,74.4395,0.1361,96.5517
0.15,e80v20,88,0.8969,79.3722,0.1361,98.2759
0.15,e80v20,99,0.9413,79.8206,0.1512,96.5517
0.15,e80v20,123,0.9474,78.0269,0.1512,96.5517
0.15,e80v20,256,1.2514,69.9552,0.2117,96.5517
0.15,e80v20,2024,0.8969,79.8206,0.1361,98.2759
0.03,v20e80,5,2.2422,53.8117,1.7241,96.5517
0.03,v20e80,7,1.7927,67.713,1.7241,96.5517
0.03,v20e80,17,1.8281,56.5022,1.7241,96.5517
0.03,v20e80,31,2.1927,58.296,1.7241,96.5517
0.03,v20e80,42,1.7947,65.4709,1.7241,96.5517
0.03,v20e80,88,1.7614,62.7803,1.7241,96.5517
0.03,v20e80,99,1.8856,64.1256,1.7241,96.5517
0.03,v20e80,123,2.1624,53.8117,1.7241,96.5517
0.03,v20e80,256,2.7229,56.0538,1.7241,96.5517
0.03,v20e80,2024,1.7937,63.2287,1.7241,96.5517
0.05,v20e80,5,1.8139,58.7444,1.7241,96.5517
0.05,v20e80,7,1.8281,61.8834,1.7241,96.5517
0.05,v20e80,17,2.2199,63.6771,1.7241,98.2759
0.05,v20e80,31,1.7937,69.9552,1.7241,96.5517
0.05,v20e80,42,1.8432,55.6054,1.7241,96.5517
0.05,v20e80,88,2.1614,49.7758,1.7241,96.5517
0.05,v20e80,99,1.4554,64.574,1.7241,96.5517
0.05,v20e80,123,2.222,60.5381,1.7241,96.5517
0.05,v20e80,256,2.2189,60.5381,1.7241,96.5517
0.05,v20e80,2024,2.1311,52.9148,1.7241,96.5517
0.07,v20e80,5,1.8149,59.1928,1.7241,96.5517
0.07,v20e80,7,1.4342,66.3677,1.7241,96.5517
0.07,v20e80,17,2.1957,54.2601,1.7241,96.5517
0.07,v20e80,31,2.1634,55.157,1.7241,98.2759
0.07,v20e80,42,1.7776,67.2646,1.7241,96.5517
0.07,v20e80,88,1.7523,62.7803,1.7241,96.5517
0.07,v20e80,99,2.2987,54.2601,1.7241,96.5517
0.07,v20e80,123,1.3857,64.1256,1.7241,96.5517
0.07,v20e80,256,2.6714,60.5381,1.7241,96.5517
0.07,v20e80,2024,2.2422,53.8117,1.7241,96.5517
0.09,v20e80,5,1.7937,59.1928,1.7241,96.5517
0.09,v20e80,7,1.7937,63.6771,1.7241,96.5517
0.09,v20e80,17,1.9058,57.8475,1.7241,96.5517
0.09,v20e80,31,1.6917,64.1256,1.7241,96.5517
0.09,v20e80,42,1.8897,55.157,1.7241,96.5517
0.09,v20e80,88,1.8149,61.8834,1.7241,96.5517
0.09,v20e80,99,2.2422,49.7758,1.7241,96.5517
0.09,v20e80,123,1.8473,61.435,1.7241,94.8276
0.09,v20e80,256,1.8159,59.6413,1.7241,98.2759
0.09,v20e80,2024,1.8149,64.574,1.7241,96.5517
0.1,v20e80,5,1.822,56.5022,1.7241,96.5517
0.1,v20e80,7,2.1876,50.6726,1.7241,96.5517
0.1,v20e80,17,1.8907,61.435,1.7241,96.5517
0.1,v20e80,31,2.2422,54.7085,1.7241,96.5517
0.1,v20e80,42,1.3918,66.8161,1.7241,96.5517
0.1,v20e80,88,1.7149,65.0224,1.7241,96.5517
0.1,v20e80,99,1.4554,64.574,1.7241,96.5517
0.1,v20e80,123,2.2088,57.3991,1.7241,96.5517
0.1,v20e80,256,2.2048,60.5381,1.7241,96.5517
0.1,v20e80,2024,1.8664,57.8475,1.7241,96.5517
0.12,v20e80,5,1.7937,60.5381,1.7241,96.5517
0.12,v20e80,7,2.1805,48.4305,1.7241,96.5517
0.12,v20e80,17,2.2937,56.0538,1.7241,96.5517
0.12,v20e80,31,1.8846,57.3991,1.7241,96.5517
0.12,v20e80,42,1.8614,65.4709,1.7241,96.5517
0.12,v20e80,88,1.7776,56.5022,1.7241,96.5517
0.12,v20e80,99,2.1401,54.2601,1.7241,96.5517
0.12,v20e80,123,1.9018,59.1928,1.7241,98.2759
0.12,v20e80,256,1.8089,60.9865,1.7241,96.5517
0.12,v20e80,2024,1.7594,55.6054,1.7241,96.5517
0.15,v20e80,5,1.8826,56.5022,1.7241,96.5517
0.15,v20e80,7,2.2018,52.4664,1.7241,96.5517
0.15,v20e80,17,1.8745,52.9148,1.7241,96.5517
0.15,v20e80,31,1.3938,63.6771,1.7241,96.5517
0.15,v20e80,42,1.8523,53.8117,1.7241,96.5517
0.15,v20e80,88,2.1886,51.5695,1.7241,94.8276
0.15,v20e80,99,1.7937,50.2242,1.7241,96.5517
0.15,v20e80,123,1.8584,56.5022,1.7241,96.5517
0.15,v20e80,256,2.1917,45.7399,1.7241,98.2759
0.15,v20e80,2024,1.7715,60.0897,1.7241,94.8276
0.03,v30e70,5,1.7271,60.0897,1.7241,96.5517
0.03,v30e70,7,1.719,65.9193,1.7241,98.2759
0.03,v30e70,17,1.8402,52.4664,1.7241,96.5517
0.03,v30e70,31,2.1795,56.5022,1.7241,100.0
0.03,v30e70,42,1.7937,52.4664,1.7241,96.5517
0.03,v30e70,88,1.8028,52.9148,1.7241,96.5517
0.03,v30e70,99,1.7937,62.3318,1.7241,96.5517
0.03,v30e70,123,2.1412,53.3632,1.7241,96.5517
0.03,v30e70,256,2.3028,58.7444,1.7241,96.5517
0.03,v30e70,2024,2.1725,54.2601,1.7241,96.5517
0.05,v30e70,5,2.3169,48.4305,1.7241,96.5517
0.05,v30e70,7,1.7735,57.8475,1.7241,98.2759
0.05,v30e70,17,1.7937,65.9193,1.7241,100.0
0.05,v30e70,31,1.8483,59.6413,1.7241,100.0
0.05,v30e70,42,2.1664,54.2601,1.7241,96.5517
0.05,v30e70,88,0.808,88.3408,1.6183,96.5517
0.05,v30e70,99,1.7836,58.296,1.7241,96.5517
0.05,v30e70,123,2.1977,58.7444,1.7241,96.5517
0.05,v30e70,256,2.2391,59.1928,1.7241,100.0
0.05,v30e70,2024,1.3483,72.1973,1.7241,100.0
0.07,v30e70,5,1.8452,59.1928,1.7241,98.2759
0.07,v30e70,7,1.9028,51.1211,1.7241,96.5517
0.07,v30e70,17,2.2573,49.7758,1.7241,98.2759
0.07,v30e70,31,2.1674,51.5695,1.7241,98.2759
0.07,v30e70,42,2.3098,53.8117,1.7241,96.5517
0.07,v30e70,88,1.8876,55.6054,1.7241,98.2759
0.07,v30e70,99,1.7806,52.0179,1.7241,98.2759
0.07,v30e70,123,0.7848,89.2377,1.6636,98.2759
0.07,v30e70,256,2.1826,54.2601,1.7241,98.2759
0.07,v30e70,2024,0.8969,84.7534,1.6788,96.5517
0.09,v30e70,5,1.4251,54.2601,1.7241,98.2759
0.09,v30e70,7,1.7513,61.8834,1.7241,98.2759
0.09,v30e70,17,1.7978,61.435,1.7241,98.2759
0.09,v30e70,31,1.3837,60.9865,1.7241,98.2759
0.09,v30e70,42,2.1603,56.9507,1.7241,96.5517
0.09,v30e70,88,0.8282,89.2377,1.5275,98.2759
0.09,v30e70,99,0.8716,84.7534,1.6636,96.5517
0.09,v30e70,123,0.809,90.583,1.588,96.5517
0.09,v30e70,256,1.9028,56.0538,1.7241,98.2759
0.09,v30e70,2024,1.7937,64.1256,1.7241,98.2759
0.1,v30e70,5,1.824,49.7758,1.7241,96.5517
0.1,v30e70,7,0.8009,89.6861,1.6939,96.5517
0.1,v30e70,17,0.814,86.9955,1.6485,96.5517
0.1,v30e70,31,2.2856,55.6054,1.7241,98.2759
0.1,v30e70,42,0.8009,90.1345,1.6788,96.5517
0.1,v30e70,88,0.8019,88.7892,1.5426,94.8276
0.1,v30e70,99,0.7878,89.2377,1.709,96.5517
0.1,v30e70,123,0.7928,87.4439,1.6788,98.2759
0.1,v30e70,256,0.8645,86.9955,1.709,98.2759
0.1,v30e70,2024,0.8191,88.3408,1.5124,98.2759
0.12,v30e70,5,0.8181,88.7892,1.5426,98.2759
0.12,v30e70,7,0.8969,82.5112,1.5578,98.2759
0.12,v30e70,17,0.5575,86.5471,1.6031,96.5517
0.12,v30e70,31,0.8615,78.9238,1.6334,94.8276
0.12,v30e70,42,0.7989,86.0987,1.5578,96.5517
0.12,v30e70,88,0.8292,83.4081,1.5426,94.8276
0.12,v30e70,99,0.7959,87.4439,1.5275,98.2759
0.12,v30e70,123,0.5454,85.6502,1.588,98.2759
0.12,v30e70,256,0.8211,86.9955,1.6031,98.2759
0.12,v30e70,2024,0.8726,80.2691,1.6636,98.2759
0.15,v30e70,5,0.5333,88.3408,1.5578,96.5517
0.15,v30e70,7,0.8625,86.0987,1.5426,94.8276
0.15,v30e70,17,0.5525,85.6502,1.6031,94.8276
0.15,v30e70,31,0.7949,82.0628,1.4973,96.5517
0.15,v30e70,42,0.7928,83.4081,1.5275,93.1034
0.15,v30e70,88,0.812,81.6143,1.5124,93.1034
0.15,v30e70,99,0.8211,85.6502,1.5729,94.8276
0.15,v30e70,123,0.5585,84.7534,1.5275,96.5517
0.15,v30e70,256,0.8827,78.0269,1.5426,98.2759
0.15,v30e70,2024,0.8332,83.8565,1.5124,94.8276
0.03,v50e50,5,0.906,79.3722,1.4519,100.0
0.03,v50e50,7,0.913,74.8879,1.5275,94.8276
0.03,v50e50,17,1.3716,64.574,1.4368,93.1034
0.03,v50e50,31,1.2544,68.6099,1.467,96.5517
0.03,v50e50,42,0.8746,82.5112,1.4519,98.2759
0.03,v50e50,88,0.8383,86.9955,1.4519,98.2759
0.03,v50e50,99,0.8969,82.5112,1.5729,100.0
0.03,v50e50,123,0.9595,74.4395,1.588,98.2759
0.03,v50e50,256,0.808,86.0987,1.588,100.0
0.03,v50e50,2024,0.9837,77.5785,1.4822,98.2759
0.05,v50e50,5,0.8837,82.5112,1.4973,100.0
0.05,v50e50,7,0.81,84.3049,1.4822,100.0
0.05,v50e50,17,0.9979,71.3004,1.4822,100.0
0.05,v50e50,31,0.7868,87.8924,1.4217,100.0
0.05,v50e50,42,1.418,69.0583,1.3309,91.3793
0.05,v50e50,88,0.8575,83.4081,0.2874,100.0
0.05,v50e50,99,0.7868,83.8565,1.4822,98.2759
0.05,v50e50,123,0.8181,86.9955,1.4519,100.0
0.05,v50e50,256,0.813,75.7848,1.467,100.0
0.05,v50e50,2024,0.7969,87.4439,0.4083,100.0
0.07,v50e50,5,0.812,83.8565,1.3007,100.0
0.07,v50e50,7,0.8009,86.0987,0.3025,98.2759
0.07,v50e50,17,0.8555,83.4081,1.3309,98.2759
0.07,v50e50,31,1.2352,65.4709,1.346,98.2759
0.07,v50e50,42,0.8585,83.8565,1.3612,100.0
0.07,v50e50,88,0.8282,84.3049,0.3479,96.5517
0.07,v50e50,99,0.7989,85.2018,1.3612,98.2759
0.07,v50e50,123,0.808,84.3049,0.3327,98.2759
0.07,v50e50,256,0.8969,75.3363,1.3158,100.0
0.07,v50e50,2024,0.8312,79.8206,0.363,98.2759
0.09,v50e50,5,0.7989,83.8565,0.3479,100.0
0.09,v50e50,7,0.8696,87.4439,0.3781,100.0
0.09,v50e50,17,0.5323,84.7534,0.3176,100.0
0.09,v50e50,31,0.8777,85.2018,0.3479,100.0
0.09,v50e50,42,0.7898,85.2018,0.3781,100.0
0.09,v50e50,88,0.8969,76.6816,0.2722,98.2759
0.09,v50e50,99,0.7979,85.6502,0.3176,98.2759
0.09,v50e50,123,0.809,88.3408,0.3025,96.5517
0.09,v50e50,256,0.8999,85.6502,0.4083,100.0
0.09,v50e50,2024,0.8605,82.9596,0.4235,100.0
0.1,v50e50,5,0.8029,85.6502,0.3025,100.0
0.1,v50e50,7,0.5555,84.7534,0.3327,100.0
0.1,v50e50,17,0.8494,82.0628,0.3327,100.0
0.1,v50e50,31,0.8666,82.9596,0.3025,100.0
0.1,v50e50,42,0.81,82.9596,0.3176,98.2759
0.1,v50e50,88,0.8322,84.3049,0.2269,93.1034
0.1,v50e50,99,0.7898,86.5471,0.242,100.0
0.1,v50e50,123,0.7959,82.5112,0.2874,100.0
0.1,v50e50,256,0.8969,83.8565,0.3479,100.0
0.1,v50e50,2024,0.8171,82.0628,0.242,98.2759
0.12,v50e50,5,0.806,86.0987,0.2571,98.2759
0.12,v50e50,7,0.813,83.8565,0.3025,100.0
0.12,v50e50,17,0.811,79.3722,0.2722,100.0
0.12,v50e50,31,0.8928,82.5112,0.2722,100.0
0.12,v50e50,42,0.8221,79.3722,0.242,100.0
0.12,v50e50,88,0.8938,81.1659,0.242,98.2759
0.12,v50e50,99,0.8969,82.9596,0.2722,100.0
0.12,v50e50,123,0.8009,84.3049,0.2571,98.2759
0.12,v50e50,256,0.8767,85.6502,0.242,98.2759
0.12,v50e50,2024,0.5121,83.8565,0.2874,100.0
0.15,v50e50,5,0.5434,83.8565,0.2571,96.5517
0.15,v50e50,7,0.8656,84.7534,0.2874,98.2759
0.15,v50e50,17,0.812,82.9596,0.242,96.5517
0.15,v50e50,31,0.8868,82.0628,0.2571,96.5517
0.15,v50e50,42,0.807,84.7534,0.3025,98.2759
0.15,v50e50,88,0.5373,83.8565,0.242,96.5517
0.15,v50e50,99,0.8615,81.1659,0.2874,98.2759
0.15,v50e50,123,0.8443,80.2691,0.242,96.5517
0.15,v50e50,256,0.8928,74.8879,0.3025,98.2759
0.15,v50e50,2024,0.9191,69.9552,0.242,98.2759
